[{"_id":{"$oid":"68107e6cd2c5d207e4c12b80"},"userId":{"$oid":"68107e0dd2c5d207e4c12b7d"},"text":"hello this is my first post here  i m excited ","__v":0},{"_id":{"$oid":"68107ec2d2c5d207e4c12b89"},"userId":{"$oid":"68107e0dd2c5d207e4c12b7d"},"text":"i m learning node js with mongo along with jwt and authorization ","__v":0},{"_id":{"$oid":"681083e3d2c5d207e4c12b98"},"userId":{"$oid":"68107e0dd2c5d207e4c12b7d"},"text":"ipl is running ","__v":0},{"_id":{"$oid":"681083f8d2c5d207e4c12b9b"},"userId":{"$oid":"68107e0dd2c5d207e4c12b7d"},"text":"my name is rahul ","__v":0},{"_id":{"$oid":"681c3c23f8ae31521501c405"},"userId":{"$oid":"681c3c10f8ae31521501c402"},"text":"todya is my first midsem ","__v":0},{"_id":{"$oid":"681c3c51f8ae31521501c408"},"userId":{"$oid":"681c3c10f8ae31521501c402"},"text":"my last midsem \n","__v":0},{"_id":{"$oid":"681c3c5af8ae31521501c40b"},"userId":{"$oid":"681c3c10f8ae31521501c402"},"text":"hii there","__v":0}]
