[{"_id":{"$oid":"680588544e69f4487be60b91"},"email":"john@example.com","password":"secure123","__v":0},{"_id":{"$oid":"68059120144da9b4dc269775"},"username":"david ","email":"david@gmail.com","password":"david_!","__v":0},{"_id":{"$oid":"6805917c144da9b4dc26977b"},"username":"tom","email":"tom@gmail.com","password":"12345","__v":0},{"_id":{"$oid":"68107e0dd2c5d207e4c12b7d"},"username":"rahul","email":"rahul@gmail.com","password":"rahul1","__v":0},{"_id":{"$oid":"681c3c10f8ae31521501c402"},"username":"ankit yadav ","email":"ankit.yadav@gmail.com","password":"ankit@123","__v":0}]
